Character,Pinyin Romanization,Radical Components,Translation_Options,Structural Gene,RSM Mapping,Usage Frequency,Connected Chapters
道,dào,"辶 (chuò - walk; walking) + 首 (shǒu - head first; leader, chief; a poem) ->䒑 (cǎo - grass; straw; herbs; weeds) + ->自 (zì - self, private, personal; from) -->目 (mù - eye; look, see; division, topic) + -->丶(zhǔ - dot)","path, road, street; method, way; principle, truth",Self-referential navigation,"R - Recursion (Complete structural set {P, G, X, Y, Z, O, R})","76 occurrences","1,25,40,42,81"
可,kě,"口 (kǒu - mouth; open end; entrance, gate) + 丁 (dīng, zhēng - male adult; robust, vigorous; 4th heavenly stem)","fit/suited to/for; inviting; (that/which) could be; possibility/potential",Potential function opening,"Quantum superposition gateway","High frequency","1"
非,fēi,null,"not; non-; negation; opposite","Complementarity principle","Wave-particle duality operator","Medium frequency","1"
常,cháng,"小 (xiǎo - small, tiny, insignificant)+ 吊 (diào - console, mourn, pity; hang) ->口 (kǒu - mouth; open end; entrance, gate) + ->巾 (jīn - kerchief; towel; turban) -->冂 (jiōng - wide) + -->丨 (gǔn - number one; line)","(a, the) constant, permanent, absolute, general; eternal",Small containing infinite,"Conservation laws and universal constants","High frequency","1"
名,míng,"夕 (xī - evening, night, dusk; slanted) + 口(kǒu - mouth; open end; entrance, gate)","(a, the) distinction, name, term, title (s), name, rank, title, position",Labeling function,"Categorization operator","High frequency","1"
無,wú,null,"nothing(ness); without, with no; be/have no; void","Functional emptiness","P₀ (impossible void) / quantum vacuum","Very high frequency","1,40,42"
天,tiān,"一 (yī - one; a, an; alone) + 大 (dà - big, great, vast, large, high)","(is) heaven, (the) sky; ^creation, everything, celestial",Unity manifesting as vastness,"Unified field / infinite extension","High frequency","1,5,7,42,81"
地,dì,"土 (tǔ - soil, earth; items made of earth) + 也 (yě - also; classical final particle of strong affirmation or identity) -->乜 (miē - to squint; (Can't.) what? huh?) + -->丨(gǔn - number one; line)","& earth, (the) land; } (the) universe",Material foundation affirming existence,"Matter / classical realm anchor","High frequency","1,5,7,42"
之,zhī,null,"...'s; ^ of/for/to v; has; (for/to) it/this; its/their",Possessive connector,"Relational operator","Very high frequency","Throughout"
始,shǐ,"女 (nǔ - woman, girl; feminine; rad 38) + 台 (tái - platform; unit; term of address) -->厶(sī - private, secret; radical 28) + -->口(kǒu - mouth; open end; entrance, gate)","beginning, birth, conception, origin, source, begin, start; then, only then",Feminine generative beginning,"P₁ transition point","Medium frequency","1"
有,yǒu,"𠂇 + ->丿 (piě - line; radical 4) + ->一 (yī - one; a, an; alone) 月 (yuè - moon; month; radical 74)","having, with; Being, Existence, Presence; the",Grasping function creating cycles,"P₁ and all recursive manifestations","Very high frequency","1,2,40,42,81"
萬,wàn,"艹 (grass; radical 140) + 禺 (yú - district) ->田 (tián - field, arable land, cultivated) + ->禸 (róu - rump; radical 114)","(is) (a, the) myriad, ten thousand; all",Infinite manifestation,"All parametric instances {P₂, P₃, P₄...∞}","High frequency","1,42"
物,wù,"牜 (an ox, a cow, radical 93) + 勿 (wù - must not, do not; without, never)","beings, creatures, entities, things; of creation",Power bound into forms,"Elementary particles / matter as bound energy","High frequency","1,42"
母,mǔ,null,"mother; origin, source","Generative principle","Maternal function in manifestation","Medium frequency","1,25"
故,gù,"古 (gǔ - old, classic, ancient) + ->十 (ten, tenth; complete; perfect) + ->口 (kǒu - mouth; open end; entrance, gate) 攵 (suī - rap, tap; radical 66)","(and) so, then; therefore, thus, hence; given this; ancient, old; reason, because",Causal connector,"Logical necessity operator","High frequency","Throughout"
欲,yù,null,"desire; want; wish","Desire creating scarcity","Scarcity-generating function","Medium frequency","1,3"
以,yǐ,null,"by, with, using; thereby, thus; for, to; regard as",Instrumental connector,"Means/method operator","Very high frequency","Throughout"
觀,guān,null,"observe, see, watch, view; concept","Observation function","Measurement operator","Medium frequency","1"
其,qí,null,"one's/their (own); that which; (of) it/this/such",Possessive/demonstrative,"Reference operator","Very high frequency","Throughout"
妙,miào,null,"subtle, wonderful, mysterious","Quantum subtlety","Fine structure operator","Medium frequency","1"
徼,jiào,null,"boundary, limit, border","Classical boundaries","Measurement limit function","Low frequency","1"
此,cǐ,null,"this, these; here","Demonstrative pointer","Indexical operator","High frequency","1,2"
兩,liǎng,null,"two; ^ of these","Binary pair","Complementary duality","Medium frequency","1,2"
者,zhǐ,null,"are; imply, indicate, mean, signify, suggest (s)","Nominalizer","Entity marker","High frequency","Throughout"
同,tóng,null,"the same; identical, one; ^ together, as one","Identity through difference","Unified field operator","Medium frequency","1,2"
出,chū,null,"(in, when) emerge, arise, come (ing) out (v)","Emergence function","Manifestation operator","Medium frequency","1,2"
而,ér,null,"(and) yet; ut, yet; although, merely, only; while","Conjunction with tension","Paradox connector","Very high frequency","Throughout"
異,yì,null,"different, separate; differ, diverge, vary (ing)","Differentiation","Distinction operator","Medium frequency","1,2"
謂,wèi,null,"calls; means, signals, suggests; speaks, tells","Naming/calling","Linguistic designation","Medium frequency","1,2"
玄,xuán,null,"depth, mystery, profundity, subtlety(ies)","Mysterious depth","Quantum vacuum / dark energy","High frequency","1,2,6"
又,yòu,null,"(even, still, yet) more, further, greater","Recursive addition","Iteration operator","Medium frequency","1"
眾,zhòng,null,"(is^^) all, every; (a, the) multitude, myriad","Collective multiplicity","Many-body system","Medium frequency","1"
門,mén,null,"(a, the) door, gate (way); portal, threshold","Gateway function","Transition space","Medium frequency","1,6"
聖人,shèng rén,null,"sage, wise person, saint","Consciousness from Origin Frame","Operating from O with perfect alignment","29 occurrences","Throughout"
無為,wú wéi,null,"non-action, non-forcing action","Perfect structural alignment","Operating from O with recursive harmony","Throughout","3,37,43,48,57,63,81"
治,zhì,"氵(water) + 台 (platform/stage)","governance, order, rule; heal","Water creating stable platform","Self-organizing systems","Medium frequency","3"
虛,xū,"虍 (tiger pattern) + 乚 (hidden/bent)","empty, void, vacant; receptive","Hidden power through emptiness","Quantum vacuum / spaciousness","Medium frequency","3,4,5"
實,shí,"宀 (roof/container) + 貫 (penetrating through)","full, solid, actual, real","Contained fullness allowing penetration","Particle states / actualized potential","Medium frequency","3"
橐籥,tuò yuè,null,"bellows, wind-box","Generative rhythmic emptiness","Quantum vacuum fluctuations","Low frequency","5"
芻狗,chú gǒu,"芻 (straw/grass) + 狗 (dog)","straw dogs, ritual objects","Sacred temporary forms","Virtual particles / temporary structures","Low frequency","5"
沖,chōng,"氵(water) + 中 (center/middle)","empty, hollow, rushing through center","Water flowing through center","Vacuum enabling field propagation","Medium frequency","4,5"
淵,yuān,"氵(water) + 𠬶 (deep/profound)","deep pool, abyss, profound","Unmeasurable depth","Quantum vacuum / infinite potential","Medium frequency","4"
湛,zhàn,"氵(water) + 甚 (extremely/very)","deep, clear, pure","Transparent medium","Space enabling transmission","Low frequency","4"
谷神,gǔ shén,"谷 (valley) + 神 (spirit/consciousness)","valley spirit, receptive awareness","Receptive consciousness generating","Emergent consciousness through receptivity","Low frequency","6"
玄牝,xuán pìn,"玄 (mysterious) + 牝 (female principle)","mysterious female, creative receptivity","Generative receptivity","Quantum fields / creative substrate","Low frequency","6"
根,gēn,"木 (tree/growth) + 艮 (mountain/stopping)","root, foundation, source","Growth from stable foundation","Root enabling condition","Medium frequency","6"
一,yī,null,"one, unity, singular","First distinction","P₁ (first paradox)","Very high frequency","42"
二,èr,null,"two, duality, pair","Complementary polarities","X-axis ↔ Y-axis","High frequency","2,42"
三,sān,null,"three, trinity, relationship","Dynamic mediation","Z-axis rotation / relationship","High frequency","42"
陰,yīn,null,"yin, receptive, contractive","Y-axis function","Constraining/focusing dimension","Medium frequency","42"
陽,yáng,null,"yang, active, expansive","X-axis function","Extending/expanding dimension","Medium frequency","42"
沖氣,chōng qì,"氵(water) + 中 (center) + 氣 (energy)","rushing/empty energy","Dynamic emptiness mediating","Z-axis harmonizing function","Low frequency","42"
和,hé,null,"harmony, peace, together","Dynamic harmony","Balanced relationship","Medium frequency","42"
反,fǎn,null,"return, reverse, opposite","Recursive cycling with difference","Z-axis rotation preserving paradox","High frequency","25,40"
弱,ruò,null,"weak, soft, yielding","Yielding to structure","Receptivity rather than force","High frequency","40,78"
混成,hún chéng,"混 (chaotic/complete) + 成 (completion)","chaotically complete","All potentials undifferentiated","P₀ state containing all expressions","Low frequency","25"
先,xiān,null,"before, prior, first","Temporal/logical precedence","Pre-cosmic substrate","Medium frequency","25"
寂,jì,null,"silent, quiet, still","Functional silence","Space-for-operation","Low frequency","25"
寥,liáo,null,"empty, vast, lonely","Functional vastness","Operational void","Low frequency","25"
獨立,dú lì,"獨 (alone) + 立 (stand)","standing alone, independent","Independence enabling manifestation","Universal constants","Low frequency","25"
不改,bù gǎi,"不 (not) + 改 (change)","without change, unchanging","Structural stability","Conservation principles","Low frequency","25"
周行,zhōu xíng,"周 (everywhere) + 行 (move)","moving everywhere","Omnipresent activity","Scale-invariant availability","Low frequency","25"
不殆,bù dài,"不 (not) + 殆 (exhausted)","without exhaustion","Never depleted","Infinite sustainability","Low frequency","25"
信言,xìn yán,"信 (truth/trust) + 言 (words)","truthful words","Truth transcending aesthetics","Structural accuracy over beauty","Low frequency","81"
美言,měi yán,"美 (beautiful) + 言 (words)","beautiful words","Aesthetic appeal","Rhetorical beauty","Low frequency","81"
善者,shàn zhě,"善 (good) + 者 (one who)","the good, virtuous ones","Structurally aligned beings","Those operating from principle","Low frequency","81"
辯,biàn,null,"debate, argue, distinguish","Argumentative discourse","Competitive reasoning","Low frequency","81"
知者,zhī zhě,"知 (know) + 者 (one who)","the knowing, wise ones","Deep understanding","Simple comprehensive knowledge","Low frequency","81"
博,bó,null,"broad, extensive, learned","Extensive learning","Complicated knowledge accumulation","Low frequency","81"
不積,bù jī,"不 (not) + 積 (accumulate)","not accumulating","Non-hoarding","Generative distribution","Low frequency","81"
利,lì,null,"benefit, profit, advantage","Beneficial function","Win-win-win outcomes","Medium frequency","81"
害,hài,null,"harm, damage, injure","Harmful dysfunction","Zero-sum destruction","Low frequency","81"
爭,zhēng,null,"compete, contend, struggle","Competition","Opposition to structure","Medium frequency","2,3,7,8,22,66,81"