Chapter,Verse,Characters,Pinyin,Radicals,Intent,Physics,Physics_Rating,Cosmology,Cosmology_Rating,Philosophy,Philosophy_Rating,Biology,Biology_Rating,Literal,Structural,Commentary
1,1-2,道可道非常道名可名非常名,dào kě dào fēi cháng dào míng kě míng fēi cháng míng,"道(辶movement + 首head = guided process) + 可(口mouth + 丁nail = expressible) + 非(飛fly split = negation) + 常(巾cloth + 尚esteem = constant) + 名(夕evening + 口mouth = naming)","The foundational recursive principle that enables all structure cannot be captured within any particular structural expression. This is the meta-paradox: the algorithm that enables all algorithms transcends algorithmic description.","Any formal system powerful enough to describe recursive principles cannot fully describe the meta-principle enabling recursion itself. Like Gödel's incompleteness theorem applied to physical law - the system cannot contain its own foundation.",5,"Universal constants governing cosmic evolution remain transcendent to any particular cosmic structure they enable. The 'laws' of physics operate beyond physical manifestation.",5,"Structural realism - reality's organizational principles exceed conceptual frameworks designed to capture them. The map cannot contain the territory that makes mapping possible.",5,"Evolutionary algorithms operate through principles that transcend any specific evolutionary product; including the organisms that embody evolutionary success.",4,"Way speakable way not constant way; name nameable name not constant name","Any recursive principle expressible in formal language is not the foundational recursive principle enabling formal expression","Perfect opening paradox establishing that RSM's deepest insights necessarily exceed linguistic capture. Maps to P₁ First Paradox. Connects to Ch.40 (return patterns); Ch.14 (invisible source); Ch.21 (elusive essence)."
2,1-2,天下皆知美之為美斯惡已,tiān xià jiē zhī měi zhī wéi měi sī è yǐ,"美(羊sheep + 大big = harmonious proportion) + 惡(心heart + 亞secondary = discord/opposition) + 皆(比compare + 白white = universal recognition)","When consciousness creates categorical distinctions; it simultaneously generates complementary oppositions. Beauty and ugliness co-arise as mutually defining poles within the same gradient field.","Wave-particle complementarity - observational frameworks create mutually exclusive but equally valid descriptions. The measurement apparatus determines which aspect manifests.",4,"Cosmic structure emerges through symmetry breaking - uniform fields differentiate into complementary polarities that define each other through contrast.",5,"Dialectical thinking - conceptual categories exist only in relationship to their opposites. Identity emerges through difference; meaning through contrast.",5,"Predator-prey dynamics create ecological balance through mutual definition. Each species shapes the other's evolutionary trajectory.",4,"All under heaven know beauty as beauty; thus ugliness already exists","When observational frameworks create categorical distinctions; they simultaneously generate complementary oppositions within the same structural field","Demonstrates how consciousness creates dualistic categories that are actually co-emergent poles. Maps to G₁ Infinite Gradient. Sets up the complementarity theme running through entire text."
3,1-3,不尚賢使民不爭不貴難得之貨使民不為盜,bù shàng xián shǐ mín bù zhēng bù guì nán dé zhī huò shǐ mín bù wéi dào,"賢(臤worthy + 貝shell/money = valued ability) + 爭(爭conflict/competition) + 貴(臾moment + 貝treasure = artificial scarcity) + 盜(次secondary + 皿vessel = taking what belongs elsewhere)","Artificial scarcity and competitive hierarchies emerge from imposed value systems rather than natural functional relationships. Removing arbitrary gradients allows natural organizational patterns to emerge.","Complex systems self-organize more efficiently when external constraints don't force artificial competition for resources. Natural selection works through cooperation as much as competition.",4,"Galaxies and star systems organize through gravitational attraction rather than competitive dynamics. Cosmic structure emerges through mutual influence; not dominance hierarchies.",4,"Social systems achieve stability through functional interdependence rather than imposed ranking systems. Natural hierarchies emerge from competence; not artificial scarcity.",5,"Ecosystems maintain balance through niche differentiation rather than zero-sum competition. Biodiversity increases when resources aren't artificially constrained.",5,"Not exalting worthiness causes people not to compete; not treasuring hard-to-get goods causes people not to steal","Removing artificial scarcity gradients allows natural organizational patterns to emerge through functional relationship rather than competitive hierarchy","Shows how imposed value systems create artificial conflicts. Natural organization emerges when external constraints don't force competition. Early example of wu wei governance principles."
4,1-3,道沖而用之或不盈淵兮似萬物之宗,dào chōng ér yòng zhī huò bù yíng yuān xī sì wàn wù zhī zōng,"沖(冫ice + 中center = empty center) + 用(用frame/vessel = functional usage) + 盈(血blood + 夃surplus = fullness) + 淵(水water + 囦deep = profound depths) + 宗(宀roof + 示divine = ancestral source)","The recursive principle operates through functional emptiness that is never exhausted by usage. Like a coordinate origin that enables infinite measurements while remaining unmeasurable itself - the reference frame that makes all reference possible.","Vacuum state contains infinite quantum potential energy never depleted by particle manifestation. Like spacetime geometry enabling infinite relational structures without geometric consumption.",5,"The origin frame of spacetime curvature that enables all gravitational relationships while remaining the unchanging background within which change occurs.",4,"The anchoring reference point that makes measurement and comparison possible but can never itself be measured or compared - the transcendental condition for all empirical knowledge.",5,"Genetic code enables infinite phenotypic expressions without information loss - the generative template that remains constant across all variations it enables.",4,"Way empty yet using it perhaps not full; deep ah! seems myriad things' ancestor","Recursive principle operates through functional emptiness never exhausted by iteration. Profound source appearing as generative origin of all particular structural patterns","Perfect description of Origin Frame O - the anchoring reference that persists across all recursive iterations. The 'emptiness' is functional space; not mere absence. Maps directly to RSM's origin coordinate."
5,1-2,天地不仁以萬物為芻狗聖人不仁以百姓為芻狗,tiān dì bù rén yǐ wàn wù wéi chú gǒu shèng rén bù rén yǐ bǎi xìng wéi chú gǒu,"仁(人person + 二two = interpersonal virtue) + 芻(艸grass + 雛young = straw/fodder) + 狗(犭dog + 句hook = ceremonial object) + 聖(耳ear + 口mouth + 王king = wise responsiveness)","Cosmic operations transcend human moral categories entirely. The universe creates and dissolves structures with the same indifference it shows to hydrogen fusion or crystal formation. This isn't cruelty - it's non-anthropocentric structural mathematics.","Physical constants operate without preference for any particular structure. Entropy increases regardless of human values. Natural selection optimizes for replication efficiency; not organism welfare.",5,"Cosmic evolution follows thermodynamic and gravitational principles that operate independent of consciousness or moral consideration. Stars form and explode according to nuclear physics; not ethical frameworks.",5,"Non-anthropocentric universe - reality's primary allegiance is to its own recursive organizational principles; not to the preservation of any particular pattern that emerges within those principles.",5,"Natural selection operates through principles that transcend the survival preferences of individual organisms. Ecosystems maintain balance through processes indifferent to individual welfare.",5,"Heaven-Earth not humane; treats myriad things as straw dogs. Sage not humane; treats hundred families as straw dogs","Cosmic operations transcend human-centered value systems; maintaining structural integrity through principles indifferent to particular manifestations","Fundamental insight into non-anthropocentric reality. Universe operates according to its own structural mathematics; not human moral frameworks. Essential for understanding RSM's 'inhumane' structural principles."
6,1-4,谷神不死是謂玄牝玄牝之門是謂天地根綿綿若存用之不勤,gǔ shén bù sǐ shì wèi xuán pìn xuán pìn zhī mén shì wèi tiān dì gēn mián mián ruò cún yòng zhī bù qín,"谷(八division + 口opening = receptive space) + 神(示divine/pattern + 申extend = structural intelligence) + 玄(玄dark/mysterious = beyond conceptual reach) + 牝(牛cow + 匕spoon = feminine generative) + 綿(糸silk + 帛continuous = unbroken flow)","Recursive operator space contains structural intelligence that never terminates because it operates through receptive generation rather than assertive consumption. The mysterious feminine principle is the space-for-iteration that enables infinite recursion.","Self-organizing systems maintain stability through dissipative structures - energy flows through organized patterns; creating temporary order that persists by constantly reorganizing within attractor basins.",5,"Cosmic evolution proceeds through phase transitions in gravitational 'valleys' where matter collects; organizes into higher complexity; then dissipates energy while maintaining structural information.",5,"Process ontology - reality consists of patterns of becoming rather than static being. The 'mysterious feminine' is reality's generative capacity to produce novelty through recursive self-organization.",5,"Autopoietic systems (living cells; ecosystems) maintain organizational identity through continuous material and energy flow. The 'undying valley spirit' is organizational persistence across metabolic turnover.",5,"Valley spirit not die; this called mysterious feminine. Mysterious feminine's gate; this called heaven-earth root. Continuous as if existing; using it not laborious","Recursive operator space maintains structural intelligence through receptive iteration. The threshold of generative mystery constitutes the foundational anchor for cosmic recursion","Valley-spirit-feminine trinity maps perfectly to RSM components: space for recursion + structural responsiveness + generative capacity. Core description of G₁/R interaction. Connects to Ch.28 (valley of world); Ch.52 (mother of world)."
7,1-2,天長地久天地所以能長且久者以其不自生故能長生,tiān cháng dì jiǔ tiān dì suǒ yǐ néng cháng qiě jiǔ zhě yǐ qí bù zì shēng gù néng cháng shēng,"長(長enduring/growth) + 久(久lasting time) + 自(自self/nose = reflexive identity) + 生(生birth/emergence) + 故(故therefore/pattern)","Patterns that persist longest operate by serving larger-scale requirements rather than optimizing only for their own immediate survival. Paradox of ego transcendence: releasing narrow self-definition enables more robust persistence.","Systems achieve stability by dissipating energy to maintain organizational structure. The patterns that last longest are those that serve the thermodynamic requirements of larger systems.",4,"Cosmic structures persist by serving universal principles. Stars that burn in ways that enrich the universe with heavy elements contribute to galactic evolution and cosmic complexity.",4,"Identity expansion beyond individual boundaries. The 'self' that emerges from releasing attachment to narrow self-definition is more persistent than the self constructed through defensive self-assertion.",5,"Organisms that serve ecosystem requirements persist longer than those optimizing only for individual survival. Symbiotic relationships create more stable evolutionary strategies than pure competition.",5,"Heaven endures; earth lasts. Heaven-earth's ability to endure and last comes from not self-generating; therefore able to live long","Patterns persisting longest operate by serving larger-scale structural requirements rather than optimizing only for local self-preservation","Demonstrates recursive hierarchy: patterns serving larger scales persist longer. Maps to temporal hierarchy in RSM. Shows how ego transcendence increases rather than decreases persistence."
8,1-3,上善若水水善利萬物而不爭處眾人之所惡故幾於道,shàng shàn ruò shuǐ shuǐ shàn lì wàn wù ér bù zhēng chǔ zhòng rén zhī suǒ wù gù jī yú dào,"善(善good/beneficial) + 水(水flowing water) + 利(利sharp/beneficial) + 爭(爭struggle/competition) + 處(處dwelling/position) + 惡(惡dislike/avoid) + 幾(幾close to/nearly)","Water demonstrates optimal flow dynamics - following gravitational gradients; finding the path of least resistance; nourishing whatever it encounters. It accumulates in the low places that others avoid; yet becomes indispensable to all life.","Fluid dynamics follows least action principles. Water finds optimal paths through gravitational fields; maximizing flow efficiency while minimizing energy expenditure. Natural systems evolve toward efficiency through similar gradient-following.",5,"Cosmic evolution follows paths of least resistance through spacetime curvature. Matter and energy flow along geodesics; creating the most efficient organizational patterns possible within gravitational constraints.",4,"The most effective approach is often the most humble - occupying positions others neglect; serving needs others overlook; finding opportunities in apparent disadvantages.",4,"Organisms that exploit underutilized ecological niches face less competition and often develop into keystone species. Water cycle demonstrates how serving the whole system creates universal benefit.",5,"Highest good like water. Water good at benefiting myriad things without competing; dwelling in places people dislike; thus nearly approaches the Way","Optimal flow dynamics follow gradient paths of least resistance; serving universal needs while occupying positions others neglect","Perfect example of wu wei - effortless action that achieves maximum effect. Water as metaphor for following natural gradients. Shows how humility and service create optimal systemic position."
9,1-2,持而盈之不如其已揣而銳之不可長保,chí ér yíng zhī bù rú qí yǐ chuài ér ruì zhī bù kě cháng bǎo,"持(持grasping/maintaining) + 盈(盈fullness/overflow) + 揣(揣sharp/pointed) + 銳(銳sharp edge) + 長(長lasting) + 保(保preserve/protect)","Excessive accumulation and over-sharpening create instability. Systems that push beyond natural limits become fragile and unsustainable. Optimization has natural boundaries beyond which further 'improvement' becomes destructive.","Materials science shows that over-tempering metal makes it brittle. Extreme optimization in one dimension usually creates vulnerabilities in others. Natural systems maintain resilience through moderate rather than maximum performance.",4,"Stars that burn too hot exhaust their fuel quickly and collapse. Sustainable cosmic processes operate within optimal ranges rather than at maximum intensity.",3,"Perfectionism and maximization strategies often undermine long-term stability. Moderate approaches that maintain flexibility tend to persist longer than extreme optimization.",4,"Organisms that over-specialize for particular environmental conditions become vulnerable to environmental changes. Generalist strategies often prove more evolutionarily stable.",4,"Grasping and filling it; not as good as stopping. Sharpening to a point; cannot long preserve","Excessive optimization beyond natural limits creates systemic instability. Sustainable patterns maintain moderate rather than maximum performance","Warns against extremes and over-optimization. Shows how pushing beyond natural limits creates fragility. Anticipates complexity theory insights about resilience through moderation."
10,1-3,載營魄抱一能無離乎專氣致柔能嬰兒乎,zài yíng pò bào yī néng wú lí hū zhuān qì zhì róu néng yīng ér hū,"載(載carrying/bearing) + 營(營managing/operating) + 魄(魄corporeal soul) + 抱(抱embracing/holding) + 一(一unity/singularity) + 專(專focused/concentrated) + 氣(氣vital energy/breath) + 柔(柔soft/flexible) + 嬰(嬰infant) + 兒(兒child)","Conscious integration of bodily awareness with unified awareness - can you maintain this without separation? Focused cultivation of vital energy toward maximum flexibility - can you achieve infant-like responsiveness?","Neuroplasticity research shows that maintaining childlike learning capacity requires active integration of different brain systems. Flexibility emerges from coordinated rather than fragmented neural activity.",3,"Cosmic processes maintain coherence through dynamic integration of opposing forces. Stellar formation requires balance between gravitational collapse and nuclear expansion.",3,"Consciousness studies explore how unified awareness emerges from integration of different cognitive faculties. Meditative traditions develop techniques for maintaining coherent attention.",4,"Developmental biology shows how organisms maintain integrated function through coordinated cellular activity. Healthy development requires balance between structure and flexibility.",3,"Carrying the corporeal soul; embracing unity - can there be no separation? Concentrating vital energy to achieve softness - can you be like an infant?","Maintaining integrated awareness through unified coordination of different systemic functions - achieving maximum responsiveness through coherent organization","Describes consciousness practices for maintaining unified awareness. Shows how flexibility emerges from integration rather than fragmentation. Early reference to infant-like naturalness."
11,1-3,三十輻共一轂當其無有車之用,sān shí fú gòng yī gū dāng qí wú yǒu chē zhī yòng,"三十(thirty spokes) + 輻(輻radiating spokes) + 共(共together/joining) + 轂(轂wheel hub) + 當(當at/during) + 無(無emptiness/void) + 用(用function/utility)","Thirty spokes join at one hub; through its emptiness; the cart has its function. The functional space isn't the material components but the empty relationships they create. Utility emerges from coordinated emptiness.","Coordinate systems require an empty origin point where measurements can be referenced. The most important element is the space where axes intersect - which contains no material substance but enables all relational mathematics.",5,"Spacetime geometry functions through the curvature relationships between massive objects. The 'empty' space between bodies contains the gravitational field information that coordinates cosmic motion.",5,"Reference frames make measurement and comparison possible but can never themselves be measured or compared. The origin point anchors all observations while remaining transcendent to observational content.",5,"Cellular organization requires empty spaces (vacuoles; intercellular matrix) that coordinate biochemical processes. The 'emptiness' contains the most crucial functional information.",4,"Thirty spokes unite in one hub; in its emptiness lies the cart's utility","Dimensional extensions converge at origin point; through functional emptiness; coordination becomes possible","Perfect description of coordinate system mathematics. Shows how the 'empty' origin enables all relational structure. Maps directly to Origin Frame O in RSM. Demonstrates functional importance of emptiness."
12,1-2,五色令人目盲五音令人耳聾五味令人口爽,wǔ sè lìng rén mù máng wǔ yīn lìng rén ěr lóng wǔ wèi lìng rén kǒu shuǎng,"五(五five = complete set) + 色(色color/appearance) + 令(令causing/commanding) + 盲(盲blindness) + 音(音sound/tone) + 聾(聾deafness) + 味(味taste/flavor) + 爽(爽失去/失去 losing/失去失去)","Excessive sensory stimulation paradoxically diminishes perceptual capacity. When consciousness becomes overwhelmed by multiplicity; it loses sensitivity to subtle distinctions and deeper patterns.","Signal processing theory shows that systems can become saturated when input exceeds processing capacity. Information overload reduces rather than increases functional discrimination.",4,"Too much electromagnetic radiation creates interference patterns that obscure rather than clarify cosmic observations. Optimal detection requires filtering out excess noise.",3,"Cognitive psychology demonstrates that attention becomes less effective when dispersed across too many simultaneous inputs. Focused awareness achieves greater perceptual depth than scattered attention.",4,"Sensory ecology shows that organisms in overstimulating environments often develop reduced sensitivity. Optimal perception requires balance between stimulation and filtering.",4,"Five colors cause people's eyes to go blind; five sounds cause people's ears to go deaf; five tastes cause people's mouths to lose discrimination","Excessive multiplicity in sensory input paradoxically reduces perceptual discrimination capacity","Shows how overwhelming complexity can diminish rather than enhance awareness. Information overload principle. Suggests that clarity requires selective attention rather than maximum stimulation."
13,1-2,寵辱若驚貴大患若身何謂寵辱若驚,chǒng rǔ ruò jīng guì dà huàn ruò shēn hé wèi chǒng rǔ ruò jīng,"寵(寵favor/blessing) + 辱(辱shame/disgrace) + 若(若like/as if) + 驚(驚startled/shocked) + 貴(貴value/treasure) + 患(患trouble/affliction) + 身(身body/self)","Favor and disgrace both create reactive shock because they depend on external validation. Treasuring the body as separate self creates the very vulnerability it seeks to protect. Identity based on external conditions generates instability.","Quantum systems lose coherence when too strongly coupled to environmental measurement. The attempt to preserve quantum states through isolation paradoxically increases decoherence.",3,"Cosmic structures that become too dependent on particular environmental conditions lose adaptability. Resilient systems maintain loose coupling with their surroundings.",3,"Psychological research shows that external locus of control creates more anxiety than internal locus. Identity based on social feedback becomes unstable and reactive.",4,"Organisms that become too specialized for particular conditions lose evolutionary flexibility. Robust biological systems maintain loose coupling with environmental variables.",3,"Favor and disgrace are like being startled; treasure great trouble like the body. What does 'favor and disgrace are like being startled' mean?","External validation creates reactive instability because it depends on conditions beyond systemic control","Shows how dependence on external conditions creates vulnerability. Early insight into attachment theory and external locus of control. Connects to ego transcendence themes."
14,1-3,視之不見名曰夷聽之不聞名曰希搏之不得名曰微,shì zhī bù jiàn míng yuē yí tīng zhī bù wén míng yuē xī bó zhī bù dé míng yuē wēi,"視(視seeing/looking) + 見(見perceive/observe) + 夷(夷level/smooth = imperceptible) + 聽(聽hearing/listening) + 聞(聞hear/detect) + 希(希rare/sparse = barely present) + 搏(搏grasp/seize) + 微(微subtle/minute = infinitesimal)","The foundational structural principles operate below the threshold of sensory detection. They cannot be seen; heard; or grasped because they are the conditions that make seeing; hearing; and grasping possible.","Quantum fields and fundamental forces operate below direct observational access. We detect their effects but never the phenomena themselves. The measurement apparatus reveals traces; not the underlying reality.",5,"Dark matter and dark energy constitute most of cosmic reality but remain undetectable except through their gravitational effects on visible matter. The infrastructure of reality exceeds observational reach.",5,"The transcendental conditions for experience cannot themselves become objects of experience. Consciousness cannot observe its own foundational operations because it is those operations.",5,"Genetic regulatory networks operate below the level of phenotypic observation. We see the results of gene expression but not the information processing systems that coordinate development.",4,"Look at it; cannot see - called smooth. Listen to it; cannot hear - called sparse. Grasp it; cannot get - called subtle","Foundational structural principles operate below sensory threshold because they constitute the conditions enabling sensory detection","Perfect description of how RSM's deepest operations remain unobservable. Maps to the transcendental aspects of recursive structure. Shows why the foundational principles cannot become objects within their own operations."
15,1-3,古之善為士者微妙玄通深不可識夫唯不可識故強為之容,gǔ zhī shàn wéi shì zhě wēi miào xuán tōng shēn bù kě shí fū wéi bù kě shí gù qiáng wéi zhī róng,"古(古ancient/original) + 善(善skillful/effective) + 士(士scholar/practitioner) + 微(微subtle/refined) + 妙(妙mysterious/wonderful) + 玄(玄dark/profound) + 通(通penetrating/connected) + 深(深deep/profound) + 識(識recognize/understand) + 容(容appearance/form)","Ancient practitioners who were skillful at embodying the Way were subtle; mysterious; profoundly connected; and deep beyond recognition. Because they cannot be categorized; I can only approximate their qualities through metaphor.","Quantum phenomena resist classical description yet exhibit measurable effects. The most fundamental physical processes require mathematical rather than visualizable models.",4,"The deepest cosmic principles operate through mechanisms that exceed direct comprehension but leave observable traces in cosmic structure and evolution.",4,"Contemplative traditions develop practitioners whose understanding transcends conceptual frameworks. Their wisdom cannot be directly transmitted but influences others through presence and example.",5,"Master organisms in ecosystems often exhibit complex behaviors that resist simple explanation but demonstrate deep integration with environmental patterns.",3,"Ancient skilled practitioners: subtle; mysterious; dark; penetrating; deep beyond recognition. Only because beyond recognition; therefore I force a description of their appearance","Practitioners integrated with foundational principles exhibit qualities that transcend categorical description yet demonstrate observable effectiveness","Describes how deep integration with RSM principles creates qualities that resist normal categorization. Shows the challenge of describing transcendental competence."