radical1,radical2,category1,category2,same_category,observed,expected,enrichment,chi_square,significant
扌,示,action,perception,False,7,1.9128514871586642,3.6594581685992518,13.529058667353423,True
丶,巾,structure,cloth,False,28,14.602679930971474,1.9174562568212943,12.291455121967717,True
一,木,structure,structure,True,45,26.905897878387982,1.6724957555178268,12.168206876690187,True
宀,艸,constraint,other,False,10,3.578316922139884,2.7946099290780144,11.524416212920029,True
一,足,structure,motion,False,25,12.922545934422901,1.9346032992930087,11.287628416748117,True
心,見,internal,perception,False,5,1.3375291848543296,3.7382361870066787,10.028710119887721,True
八,心,structure,internal,False,13,5.774033093086996,2.251459212376934,9.043002853987138,True
丶,彳,structure,other,False,31,18.592071870876055,1.6673773754371404,8.280770509427406,True
八,食,structure,other,False,10,4.210232463709268,2.375165762507535,7.961890088784616,True
方,食,direction,other,False,5,1.5988224545731398,3.1273015873015875,7.235330391081076,True
子,牛,agent,entity,False,5,1.6039995939498528,3.1172077716600217,7.1900384522499605,True
目,示,perception,perception,True,5,1.6383615876560755,3.0518293627435793,6.8975084013739725,True
人,口,agent,boundary,False,164,133.93513348898588,1.2244733381587773,6.748760947025373,True
寸,彳,action,other,False,6,2.1814029032585522,2.75052352366327,6.684544045238171,True
一,大,structure,magnitude,False,150,121.89625418739215,1.2305546302465022,6.479448724367492,True
口,示,boundary,perception,False,25,15.191300375596386,1.6456787359797393,6.33326877508987,True
宀,目,constraint,perception,False,6,2.2781951070957263,2.6336638075080763,6.080177952144184,True
口,門,boundary,boundary,True,16,8.719267079484316,1.8350166194182331,6.079532990176045,True
牛,艸,entity,other,False,8,3.4869556390214194,2.2942649199417757,5.8410749985556265,True
足,辶,motion,motion,True,10,4.754136635874531,2.1034313411483354,5.788450047357885,True
口,彳,boundary,other,False,11,22.202669779717795,0.49543591420021627,5.652464835920173,True
老,臼,entity,other,False,6,2.372855547660136,2.5285989304812837,5.544449130547838,True
人,忄,agent,internal,False,10,20.646127296721144,0.48435233670133004,5.4896506637344435,True
亻,口,agent,boundary,False,57,42.068216424728455,1.3549421592899853,5.29991950425762,True
丶,广,structure,constraint,False,7,3.0108618414374173,2.3249157113958194,5.285271821208153,True
亻,訁,agent,communication,False,11,5.5821743985382195,1.9705582833242408,5.258315515104868,True
矢,門,perception,boundary,False,5,1.920109633539742,2.604017975151996,4.940199509299722,True
丶,厂,structure,constraint,False,9,4.365749670084256,2.061501616015997,4.919264214228231,True
牛,老,entity,entity,True,12,6.392752004872602,1.8771258435887257,4.918262127937311,True
亻,忄,agent,internal,False,12,6.484823875748655,1.8504743120127733,4.690515619901936,True
目,而,perception,connection,False,12,6.504974114303116,1.8447421602515586,4.64188003732182,True
扌,牛,action,entity,False,6,2.591970358339255,2.3148412869367694,4.4810180799598704,True
一,口,structure,boundary,False,198,170.78976753629073,1.1593200392285061,4.335135303534932,True
丶,子,structure,agent,False,17,10.387473352959091,1.636586629139914,4.209446048337631,True
月,目,temporal,perception,False,9,4.624251345041112,1.9462609898251508,4.140600253467469,True
月,火,temporal,transformation,False,47,35.17820525834941,1.336054515994523,3.972767510091986,True
人,囗,agent,boundary,False,27,18.45294893919399,1.4631807679612718,3.95882967414833,True
忄,火,internal,transformation,False,29,20.13343822962136,1.4403898464462814,3.904743776563519,True
丶,寸,structure,action,False,6,13.097249010252765,0.45811147022577725,3.8459178316074287,True
扌,艸,action,other,False,7,3.395594355902954,2.0614947683109115,3.826057734079336,False
心,艸,internal,other,False,5,2.192670794843163,2.2803240740740742,3.594291165213534,False
亻,矢,agent,perception,False,15,9.264034108212364,1.619165023011177,3.5515094533800173,False
彳,戶,other,boundary,False,5,2.2190132981423205,2.25325373407443,3.48528196851447,False
丶,大,structure,magnitude,False,77,95.14323418942239,0.809306102068165,3.4598040486710917,False
彳,牛,other,entity,False,6,2.8709268094609683,2.0899174371939253,3.4104314326245206,False
一,氵,structure,fluid,False,28,39.53913308293574,0.7081591784338896,3.3675900790846507,False
而,食,connection,other,False,7,3.5760328900619225,1.9574764033780427,3.278367713708222,False
方,訁,direction,communication,False,7,3.578316922139884,1.9562269503546101,3.2719055746221546,False
女,方,other,direction,False,5,2.284032077961628,2.1891111111111115,3.2295876335171845,False
一,巾,structure,cloth,False,11,18.708760531925694,0.5879598480737926,3.176318860737414,False
彳,辶,other,motion,False,14,8.763222007917978,1.597585909309424,3.1294247382499147,False
人,矢,agent,perception,False,39,29.494467566744493,1.322281879194631,3.063460855335097,False
戶,氵,boundary,fluid,False,7,3.683382397726119,1.9004271737632632,2.986372614068961,False
口,足,boundary,motion,False,18,12.04517307887524,1.4943745417463783,2.94391483031005,False
亻,月,agent,temporal,False,17,11.330626332352045,1.5003583651382395,2.836718539702115,False
乙,而,connection,connection,True,6,3.065171048624505,1.9574764033780427,2.8100294688927616,False
寸,而,action,connection,False,10,5.925997360674043,1.6874796580845195,2.800793941519239,False
大,辶,magnitude,motion,False,56,44.844990356309005,1.248745948099455,2.774763449878479,False
月,糸,temporal,thread,False,5,2.421074002639326,2.0651991614255762,2.747069809767208,False
口,心,boundary,internal,False,7,12.94406659222414,0.540788317962231,2.729584817959757,False
口,衣,boundary,cloth,False,5,2.427012486042026,2.0601459731894516,2.7277423519892836,False
亻,大,agent,magnitude,False,21,30.02497208405238,0.6994178026614736,2.7127459399433245,False
巾,彳,cloth,other,False,5,2.4321388691503403,2.0558036645936806,2.7111571921187436,False
人,老,agent,entity,False,31,41.594761953101205,0.7452861500915192,2.6986326059383026,False
口,而,boundary,connection,False,73,60.3157547457111,1.2102973809706137,2.6674635565658917,False
人,火,agent,transformation,False,127,109.88579839610192,1.1557453452010882,2.6654572366401243,False
目,辶,perception,motion,False,11,6.776418637701756,1.6232763334307052,2.632458305439512,False
氵,老,fluid,entity,False,6,11.445538524007715,0.5242217294900222,2.590868900947848,False
囗,大,boundary,magnitude,False,22,15.654045274591413,1.4053875285328905,2.5725709023150056,False
一,广,structure,constraint,False,7,3.8574763983351943,1.8146578947368421,2.5600816614930895,False
火,辶,transformation,motion,False,63,51.55045173078875,1.2221037427373882,2.5429875232442023,False
丶,人,structure,agent,False,129,112.1546035935438,1.1501979933655253,2.5301447376965513,False
八,大,structure,magnitude,False,62,50.683179372652525,1.2232855311648774,2.526882304874922,False
忄,牛,internal,entity,False,6,3.1731296315094912,1.8908776812706944,2.5183957191336583,False
大,訁,magnitude,communication,False,9,15.076641965282713,0.5969499057366011,2.449191116912123,False
丶,囗,structure,boundary,False,25,18.36625723276825,1.3611918684987232,2.3960539452363268,False
車,辶,other,motion,False,6,3.22855547660136,1.8584162618497382,2.3790530476997898,False
八,口,structure,boundary,False,84,71.01258755456298,1.1828888777705509,2.3752532872892624,False
大,見,magnitude,perception,False,17,11.740533955943558,1.4479750293975238,2.356109455701463,False
巾,月,cloth,temporal,False,8,4.6968835651202925,1.7032570403509908,2.3229398879282197,False
亻,氵,agent,fluid,False,5,9.739112780428384,0.5133937877840317,2.306081719348542,False
一,寸,structure,action,False,23,16.780022332758097,1.3706775559588626,2.305606119811936,False
木,老,structure,entity,False,12,7.788549385849152,1.5407233626588466,2.277229737755311,False
大,目,magnitude,perception,False,7,12.253781341995737,0.5712522367287428,2.2525469990969365,False
一,艸,structure,other,False,37,28.931072987513957,1.2789017543859649,2.25043789979466,False
一,忄,structure,internal,False,34,26.3272764186377,1.2914362830152304,2.2361100411555346,False
丶,老,structure,entity,False,51,41.399350319764494,1.231903389934408,2.2264232064193044,False
口,目,boundary,perception,False,11,17.168866104963964,0.6406946115573476,2.2165068320947885,False
一,衣,structure,cloth,False,5,2.6037965688762563,1.9202729044834308,2.20516109129341,False
丶,而,structure,connection,False,40,50.507207390112676,0.7919661780356209,2.185854511537509,False
土,氵,structure,fluid,False,9,5.535478631611004,1.6258756647716854,2.168359614556172,False
火,艸,transformation,other,False,29,22.124657395188304,1.3107547602661163,2.1365454429056734,False
矢,示,perception,perception,True,6,3.3453456501877983,1.7935366408739188,2.1065654954313118,False
矢,行,perception,motion,False,5,2.672317531215105,1.8710351377018046,2.0274932197241275,False
人,臼,agent,other,False,10,6.428281392752005,1.5556257402289775,1.9845387950417792,False
一,宀,structure,constraint,False,16,22.662673840219266,0.706006718924972,1.9587813430188188,False
木,目,structure,perception,False,5,2.70475078672216,1.8485991480418098,1.947746526931209,False
見,辶,perception,motion,False,10,6.492589584813724,1.540217484775284,1.8947644325665645,False
丶,門,structure,boundary,False,11,7.301339965485737,1.5065727732167313,1.873640470869781,False
寸,月,action,temporal,False,7,4.2126687645924275,1.6616544976987395,1.8442502484836047,False
人,辶,agent,motion,False,43,52.8631611003959,0.8134208985031348,1.8402597360306987,False
口,方,boundary,direction,False,34,26.966805400466956,1.2608093355919443,1.8343228105930642,False
丶,方,structure,direction,False,29,22.581463810780633,1.284239154866262,1.8243993019022309,False
氵,言,fluid,communication,False,8,4.9944168104760935,1.6017886178861789,1.808725753565525,False
乙,大,connection,magnitude,False,9,5.774033093086996,1.5587025316455696,1.8023558778971231,False
艸,見,other,perception,False,5,2.7865191351131866,1.7943533697632057,1.758285983929215,False
牛,言,entity,communication,False,5,2.7895645112171352,1.7923944687045124,1.7515368547396974,False
糸,老,thread,entity,False,5,2.7915947619531014,1.791090909090909,1.7470493074076463,False
厂,火,constraint,transformation,False,7,4.277433763069739,1.63649524171156,1.7329004550506584,False
戶,月,boundary,temporal,False,7,4.285300984671607,1.6334908621445239,1.719737019683274,False
八,馬,structure,entity,False,5,2.8068216424728454,1.781374321880651,1.7136932518761003,False
丶,火,structure,transformation,False,123,109.36955639021419,1.1246274014420836,1.6987267675904587,False
人,見,agent,perception,False,9,13.839711704395492,0.650302563538343,1.6924347762405803,False
亻,火,agent,transformation,False,27,34.51446553649376,0.7822806924665149,1.63604423308966,False
言,訁,communication,communication,True,5,2.8626535377119073,1.746631205673759,1.5958095660807021,False
寸,氵,action,fluid,False,6,3.620952187595168,1.6570227081581161,1.5630884365438649,False
口,土,boundary,structure,False,30,23.910567455080702,1.2546753671304178,1.5508284689932366,False
人,訁,agent,communication,False,23,17.772307379961426,1.2941482221904899,1.5377164903426903,False
而,臼,connection,other,False,5,2.894883768145366,1.7271850618041553,1.5308090771661425,False
火,足,transformation,motion,False,6,9.882346969850776,0.6071432240038623,1.5252063138739498,False
大,足,magnitude,motion,False,5,8.596893716373971,0.5816054222558096,1.5049208276530195,False
方,目,direction,perception,False,5,2.90833417927114,1.719197207678883,1.504320217665555,False
丶,忄,structure,internal,False,15,20.549132067810376,0.7299578371729416,1.4984996254045007,False
大,牛,magnitude,entity,False,10,14.691706425743579,0.680656127356144,1.4982676993050186,False
忄,老,internal,entity,False,11,7.6210537001319665,1.4433699633699633,1.4981232972015632,False
人,巾,agent,cloth,False,10,14.671606943457517,0.6815885975230056,1.4874929186875732,False
戶,而,boundary,connection,False,9,6.028169728961527,1.4929904771527445,1.4650840233362268,False
八,囗,structure,boundary,False,6,9.783778296619632,0.6132600124507159,1.4633383713239276,False
老,食,entity,other,False,5,2.9311745000507563,1.7058008658008659,1.460178829055085,False
口,火,boundary,transformation,False,117,130.60922748959496,0.8958019448459019,1.418055036565483,False
女,火,other,transformation,False,15,11.062328697594152,1.3559532002752925,1.401626701723541,False
彳,而,other,connection,False,5,8.412191655669476,0.594375426126936,1.384068786304156,False
一,火,structure,transformation,False,154,140.12283016952594,1.0990357518020792,1.3743359470461298,False
人,而,agent,connection,False,59,50.74560958278347,1.1626621590534012,1.3426769669341456,False
心,氵,internal,fluid,False,5,2.996650086285656,1.668529810298103,1.3392991377761714,False
丶,口,structure,boundary,False,120,133.30590802964167,0.9001851588852087,1.3281270958667097,False
老,行,entity,motion,False,6,3.7686529286366865,1.5920808080808082,1.3211377771215354,False
彳,言,other,communication,False,5,3.0088315907014516,1.661774628879892,1.317704735100912,False
土,扌,structure,action,False,5,3.010760328900619,1.6607100711419807,1.314310684610522,False
丶,亻,structure,agent,False,42,35.22708354481779,1.1922644673824714,1.302191174881584,False
寸,辶,action,motion,False,9,6.173281900314689,1.4578955157614326,1.2943415421675823,False
口,忄,boundary,internal,False,19,24.539792914424932,0.7742526624514202,1.250593501001916,False
人,方,agent,direction,False,28,22.68805197441884,1.234129753914989,1.2436850840385276,False
八,訁,structure,communication,False,6,9.422901228301695,0.6367465661190412,1.2433806250159425,False
八,行,structure,motion,False,8,5.413156024769059,1.4778809188935773,1.2362033759176765,False
巾,老,cloth,entity,False,8,5.415693838189016,1.4771883786316777,1.2332008672424375,False
一,心,structure,internal,False,18,13.8869150340067,1.2961842105263157,1.218230823480384,False
口,見,boundary,perception,False,12,16.449751294284845,0.7294943118179041,1.2036830360996937,False
人,土,agent,structure,False,25,20.11673941731804,1.242746127062623,1.185392593883613,False
火,目,transformation,perception,False,10,14.086031874936555,0.7099231415053887,1.1852632899904425,False
八,老,structure,entity,False,17,22.0535986194295,0.7708492520138089,1.1580359036642527,False
口,大,boundary,magnitude,False,125,113.62014008730078,1.1001570663788605,1.1397733846583495,False
口,宀,boundary,constraint,False,26,21.123997563699117,1.2308276367480808,1.1255161191492171,False
人,食,agent,other,False,5,7.940818191046595,0.6296580377117289,1.0891083796052394,False
土,火,structure,transformation,False,15,19.617196223733632,0.7646352633131348,1.0867251734306547,False
丶,訁,structure,communication,False,22,17.68881331844483,1.243723906400195,1.0507392592491198,False
大,月,magnitude,temporal,False,25,30.60237539336108,0.8169300480322692,1.0256265941678095,False
大,宀,magnitude,constraint,False,19,15.076641965282713,1.260227578777269,1.0209659620508242,False
牛,辶,entity,motion,False,11,8.124606638919907,1.3539117016823783,1.017635357426069,False
大,矢,magnitude,perception,False,30,25.02081007004365,1.199001947419669,0.990868492633718,False
丶,行,structure,motion,False,7,10.161658714851285,0.68886391448765,0.9837061162648356,False
丶,矢,structure,perception,False,24,29.35590295401482,0.8175527776336947,0.977169617223493,False
而,辶,connection,motion,False,19,23.806161810983657,0.7981126966562835,0.9703030474530432,False
八,見,structure,perception,False,10,7.337833722464724,1.3628000276682577,0.9658339991473004,False
巾,氵,cloth,fluid,False,6,4.0371535884681755,1.4861956248428465,0.9543273375252544,False
巾,火,cloth,transformation,False,18,14.307278448888438,1.258100907471921,0.9530947833830136,False
忄,氵,internal,fluid,False,8,5.681149121916556,1.4081658179219156,0.9464756652918808,False
丶,足,structure,motion,False,7,10.08638716881535,0.6940046899689012,0.944419998597658,False
土,艸,structure,other,False,6,4.050350218251954,1.4813533834586465,0.9384705190038337,False
口,子,boundary,agent,False,9,12.4047304842148,0.7255296688188938,0.9344975035848445,False
丶,心,structure,internal,False,14,10.839102629174704,1.291619839664344,0.9217803844755191,False
月,行,temporal,motion,False,5,3.26844990356309,1.5297771566115381,0.9173356866207808,False
口,女,boundary,other,False,17,13.483402700233478,1.2608093355919443,0.9171614052965321,False
八,辶,structure,motion,False,23,28.02811897269313,0.8206044801796417,0.9020220168248895,False
囗,火,boundary,transformation,False,14,17.99472134808649,0.7780059345841842,0.8868044322650681,False
囗,土,boundary,structure,False,5,3.294284844178256,1.5177801060027116,0.8831853741918146,False
囗,而,boundary,connection,False,11,8.310019287381992,1.3237033055630205,0.8707556485752187,False
忄,月,internal,temporal,False,9,6.6095320272053595,1.3616697767641164,0.8645600180824077,False
口,寸,boundary,action,False,12,15.640747132270835,0.7672267762222785,0.8474684469381771,False
土,彳,structure,other,False,5,3.3347883463607757,1.499345529816444,0.8315159954429951,False
又,口,other,boundary,False,9,6.65181199878185,1.3530147877973966,0.8289450889584179,False
大,心,magnitude,internal,False,12,9.238452948939194,1.298918776371308,0.8254782653948899,False
子,月,agent,temporal,False,5,3.34108212364227,1.496521131467809,0.8236877809813151,False
人,目,agent,perception,False,11,14.444726423713329,0.7615235953476932,0.8214859725379534,False
口,行,boundary,motion,False,9,12.13506243021013,0.7416525503482025,0.8099353833439533,False
扌,火,action,transformation,False,20,16.445995330423308,1.2161015249105762,0.7680258286348315,False
木,言,structure,communication,False,5,3.398639732006903,1.4711768219832737,0.7545238419232708,False
一,見,structure,perception,False,14,17.647954522383515,0.7932930687374173,0.7540574847073569,False
氵,火,fluid,transformation,False,35,30.237031773424018,1.1575210246252496,0.750267635307757,False
一,門,structure,boundary,False,12,9.354380265962847,1.2828214867064567,0.7482381064403282,False
言,辶,communication,motion,False,6,8.51487158664095,0.7046494992846924,0.7427685823491048,False
丶,乙,structure,connection,False,9,6.774439143234189,1.328523263654754,0.7311485161269746,False
囗,氵,boundary,fluid,False,7,5.077657090650695,1.3785885645741704,0.7277770426698877,False
大,寸,magnitude,action,False,14,11.16313064663486,1.2541284737378147,0.7209292789642638,False
大,女,magnitude,other,False,7,9.623388488478327,0.7273945147679325,0.7151500918538543,False
乙,人,connection,agent,False,9,6.806415592325652,1.322281879194631,0.7069525050773302,False
月,矢,temporal,perception,False,12,9.442188610293371,1.2708917916465086,0.6928901100514747,False
方,老,direction,entity,False,6,8.374784285859304,0.7164363636363635,0.6734024676774858,False
一,老,structure,entity,False,59,53.04030047710892,1.1123617224880382,0.6696421039031817,False
戶,火,boundary,transformation,False,16,13.0535478631611,1.225720407028513,0.6650743756173085,False
心,月,internal,temporal,False,5,3.4863465638006295,1.434166084323317,0.6571769854172144,False
彳,老,other,entity,False,9,6.89523906202416,1.3052484357747516,0.6424749839969239,False
戶,矢,boundary,perception,False,5,3.503705207593138,1.4270606982471388,0.6390086988288323,False
亻,方,agent,direction,False,5,7.12618008324028,0.7016381766381766,0.6343709664311633,False
老,辶,entity,motion,False,16,19.51324738605218,0.8199557809858239,0.6325398818253603,False
土,辶,structure,motion,False,7,9.437316008527054,0.7417363150365183,0.6294702137826818,False
亻,見,agent,perception,False,6,4.346969850776571,1.380271822894774,0.6286007881452135,False
木,火,structure,transformation,False,17,20.575931377525123,0.8262080431784937,0.6214681115595158,False
火,而,transformation,connection,False,55,49.48548370723785,1.1114370494059773,0.6145214245666033,False
一,彳,structure,other,False,20,23.819916759719824,0.8396334966972087,0.6125866936639972,False
人,厂,agent,constraint,False,6,4.386356715054309,1.3678778060634111,0.5936235514347767,False
丶,示,structure,perception,False,10,12.720891280073088,0.7861084400323988,0.5819756803970761,False
八,而,structure,connection,False,23,26.90539031570399,0.8548472900828161,0.5668779876087604,False
八,寸,structure,action,False,5,6.976956654146787,0.7166448421358941,0.5601808648262574,False
矢,而,perception,connection,False,16,13.282407877372856,1.204600863617257,0.5560216952489683,False
月,老,temporal,entity,False,16,13.315907014516293,1.2015704211930627,0.5410337536052958,False
乙,口,connection,boundary,False,6,8.090041620140088,0.7416525503482024,0.5399569222293027,False
矢,見,perception,perception,True,5,3.6224748756471423,1.3802718228947737,0.5238339901210111,False
目,老,perception,entity,False,7,5.331945995330424,1.3128415040456924,0.5218365236502709,False
人,氵,agent,fluid,False,35,31.007004365039084,1.128777213946636,0.5142068531713458,False
人,戶,agent,boundary,False,16,13.385950664907115,1.1952830546392144,0.5104795391345458,False
而,見,connection,perception,False,8,6.232514465536494,1.283591084182323,0.5012431389950784,False
丶,車,structure,other,False,5,6.8497106892701245,0.7299578371729417,0.4994998751348331,False
八,足,structure,motion,False,7,5.373058572733733,1.3027961458530133,0.49263159370482634,False
一,訁,structure,communication,False,26,22.662673840219266,1.1472609182530795,0.4914577147993345,False
一,又,structure,other,False,9,7.13633133692011,1.2611522048364154,0.48670118044784777,False
囗,老,boundary,entity,False,5,6.811491219165567,0.734053651266766,0.48175947549939696,False
方,而,direction,connection,False,8,10.21723682874835,0.7829905613512171,0.48116131955808683,False
子,火,agent,transformation,False,8,10.177342401786621,0.7860598262465464,0.4658210117589919,False
口,扌,boundary,action,False,17,20.04532534768044,0.8480780284250746,0.4626518309067075,False
人,月,agent,temporal,False,32,36.074002639325954,0.8870654116190396,0.46009581113522274,False
八,彳,structure,other,False,12,9.904070652725611,1.2116230205504024,0.44354689933043934,False
口,糸,boundary,thread,False,7,8.988935133488987,0.7787351778656126,0.4400813785482747,False
又,火,other,transformation,False,7,5.457415490813116,1.2826584326928443,0.4360245196630251,False
八,木,structure,structure,True,9,11.187189117856056,0.804491629236423,0.42761378098386266,False
亻,巾,agent,cloth,False,6,4.608263120495381,1.302008987575998,0.42031704595136876,False
土,而,structure,connection,False,11,9.059283321490204,1.2142240848021693,0.415748254314067,False
牛,而,entity,connection,False,6,7.799157445944574,0.7693138703232483,0.4150406678840634,False
土,木,structure,structure,True,5,3.7668257029743173,1.327377583744307,0.4037136216958524,False
口,氵,boundary,fluid,False,33,36.85463404730484,0.8954097863960007,0.40315699837286206,False
丶,臼,structure,other,False,8,6.398081413054512,1.2503748363809448,0.40108010410207107,False
八,氵,structure,fluid,False,19,16.43995533448381,1.1557209015128125,0.398652463227248,False
口,訁,boundary,communication,False,24,21.123997563699117,1.136148587767459,0.3915636701181372,False
大,老,magnitude,entity,False,39,35.2857577910872,1.1052617951668584,0.39096780259467906,False
矢,訁,perception,communication,False,6,4.65181199878185,1.2898199672667758,0.3907318023825042,False
八,子,structure,agent,False,7,5.533448380875038,1.265033938726839,0.3886859519629118,False
人,示,agent,perception,False,15,12.780935945589281,1.1736229696993765,0.38528049107992773,False
亻,宀,agent,constraint,False,7,5.5821743985382195,1.2539916348426987,0.36011584243711015,False
口,臼,boundary,other,False,6,7.640594863465638,0.7852791709569203,0.3522698892071598,False
巾,矢,cloth,perception,False,5,3.840219267079484,1.302008987575998,0.35026420495947386,False
子,老,agent,entity,False,5,3.8524007714952795,1.2978919631093544,0.34186058704205186,False
一,丶,structure,structure,True,150,143.01593746827734,1.048834155516911,0.3410607958139745,False
口,木,boundary,structure,False,28,25.07912902243427,1.1164662048252512,0.3401827575413019,False
扌,而,action,connection,False,6,7.594812709369607,0.7900128982243222,0.33489009871554004,False
忄,木,internal,structure,False,5,3.865952695157852,1.2933422610841967,0.33266400057883494,False
又,大,other,magnitude,False,6,4.747538320982641,1.2638128634964079,0.3304155019610884,False
矢,言,perception,communication,False,6,4.7507867221601865,1.262948717948718,0.32847902985249466,False
口,艸,boundary,other,False,24,26.966805400466956,0.889983060417843,0.32639885049519,False
土,月,structure,temporal,False,5,6.440056847020607,0.7763906621900664,0.32201015797093874,False
一,目,structure,perception,False,16,18.419449802050554,0.8686470101956462,0.3178019651808924,False
囗,辶,boundary,motion,False,7,8.656786113084966,0.8086141795070241,0.31708536963413453,False
老,訁,entity,communication,False,8,6.5602476905897875,1.2194661508704063,0.3159768975530375,False
口,尸,boundary,constraint,False,8,6.56192264744696,1.2191548772847165,0.31516166572469134,False
大,示,magnitude,perception,False,9,10.842351030352248,0.8300782712905401,0.3130554719671086,False
而,艸,connection,other,False,12,10.21723682874835,1.1744858420268258,0.3110669330702583,False
丶,糸,structure,thread,False,6,7.5271546035935435,0.7971139581928524,0.3098383527506577,False
口,言,boundary,communication,False,19,21.573444320373564,0.8807124035384906,0.30697998760488515,False
火,老,transformation,entity,False,44,40.56187189117856,1.084762560220234,0.2914245408688562,False
口,辶,boundary,motion,False,67,62.83265658308801,1.0663244822602913,0.27639689452752064,False
大,氵,magnitude,fluid,False,29,26.303928535174094,1.102496912627354,0.27633900136736345,False
亻,土,agent,structure,False,5,6.318546340473048,0.7913212518475676,0.2751525997108866,False
口,戶,boundary,boundary,True,18,15.910415186275506,1.131334398836241,0.27443436532784526,False
人,糸,agent,thread,False,9,7.562683991472947,1.1900536912751678,0.2731672129494569,False
彳,火,other,transformation,False,16,18.21596792203837,0.8783502511904729,0.26957194108593735,False
亻,八,agent,structure,False,21,18.76560755253274,1.1190684842583576,0.26604572195824877,False
氵,訁,fluid,communication,False,6,4.890366460257842,1.2269019200830307,0.25177798075602553,False
宀,氵,constraint,fluid,False,6,4.890366460257842,1.2269019200830307,0.25177798075602553,False
一,戶,structure,boundary,False,15,17.069333062633234,0.8787689562890277,0.25086740696864973,False
子,辶,agent,motion,False,6,4.896051162318546,1.2254773900603346,0.24891550268055432,False
火,車,transformation,other,False,8,6.7111460765404525,1.1920467694727848,0.2475202323227298,False
方,氵,direction,fluid,False,5,6.243021013095118,0.8008943089430894,0.24749255781056453,False
大,木,magnitude,structure,False,20,17.89950258856969,1.1173494850505874,0.24649228958143904,False
亻,示,agent,perception,False,5,4.014414780225358,1.245511556162444,0.24197256103757664,False
大,門,magnitude,boundary,False,5,6.223124555882651,0.8034549132193658,0.24039912197948035,False
木,而,structure,connection,False,11,9.502030250735967,1.1576473353311005,0.23615093937807152,False
丶,月,structure,temporal,False,33,35.90452745914121,0.9191041446668108,0.23496423314596268,False
一,馬,structure,entity,False,8,6.75058369708659,1.1850827067669174,0.2312453512219286,False
大,車,magnitude,other,False,7,5.838189016343518,1.199001947419669,0.23120264828120102,False
一,八,structure,structure,True,72,76.1851588671201,0.9450659560293138,0.22990770123068283,False
戶,老,boundary,entity,False,6,4.941122728656989,1.2142989214175655,0.22691625716238212,False
八,示,structure,perception,False,8,6.776469393970156,1.1805557636132125,0.22091550287585512,False
土,大,structure,magnitude,False,19,17.0654755862349,1.113358951175407,0.2192956585676306,False
宀,辶,constraint,motion,False,7,8.33747842858593,0.8395823821264421,0.21455510347102455,False
訁,辶,communication,motion,False,7,8.33747842858593,0.8395823821264421,0.21455510347102455,False
人,木,agent,structure,False,19,21.09988833620952,0.9004786990931178,0.20898361897875983,False
丶,言,structure,communication,False,20,18.065171048624507,1.107102719712295,0.2072254428704028,False
人,子,agent,agent,True,9,10.436503908232666,0.8623577473008462,0.19772363394028256,False
一,月,structure,temporal,False,43,46.00040605014719,0.9347743572768399,0.19570341305130856,False
口,囗,boundary,boundary,True,24,21.933001725713126,1.0942414677268562,0.1947969511576738,False
大,巾,magnitude,cloth,False,14,12.446249111765303,1.1248368785071121,0.19396541086487248,False
人,言,agent,communication,False,20,18.150441579535073,1.1019015659955258,0.188472899445587,False
一,亻,structure,agent,False,48,45.13247386052178,1.0635357624831308,0.18219045971205744,False
忄,而,internal,connection,False,8,9.297685514161,0.8604291882980407,0.1811190205453251,False
艸,辶,other,motion,False,12,10.643589483301188,1.127439198855508,0.17285986956728205,False
火,示,transformation,perception,False,11,12.463556999289413,0.8825730889365809,0.1718609775918024,False
八,矢,structure,perception,False,14,15.638006293777282,0.8952547874066861,0.17157331747088764,False
忄,方,internal,direction,False,5,4.156938381890163,1.2028083028083028,0.17097989593167753,False
八,戶,structure,boundary,False,6,7.097249010252766,0.8453979832653937,0.1696369098451284,False
而,言,connection,communication,False,7,8.17378946299868,0.8563959264778936,0.16856094834393623,False
八,女,structure,other,False,7,6.014617805298954,1.163831223628692,0.16143637069979844,False
丶,宀,structure,constraint,False,16,17.68881331844483,0.90452647738196,0.16123695655618958,False
宀,火,constraint,transformation,False,19,17.33098162623084,1.0963025874566195,0.16073078790660908,False
火,訁,transformation,communication,False,19,17.33098162623084,1.0963025874566195,0.16073078790660908,False
彳,月,other,temporal,False,5,5.980052786519135,0.8361130208200716,0.16061789061949236,False
老,而,entity,connection,False,17,18.73160085270531,0.9075572415661834,0.1600739593304277,False
方,火,direction,transformation,False,24,22.124657395188304,1.084762560220234,0.15895884047392198,False
女,老,other,entity,False,5,4.187392142929652,1.194060606060606,0.157695173232682,False
氵,辶,fluid,motion,False,16,14.546238960511623,1.0999406818102515,0.1452898694756485,False
口,巾,boundary,cloth,False,19,17.438534158968633,1.089541117779576,0.13981539678057414,False
丶,目,structure,perception,False,13,14.376865292863668,0.9042304935870052,0.13186170949473688,False
一,子,structure,agent,False,12,13.308293574256421,0.9016933638443936,0.12861394038914384,False
人,足,agent,motion,False,9,10.133996548573748,0.8880997696083343,0.1268944750487562,False
大,忄,magnitude,internal,False,19,17.514567049030557,1.0848112857606527,0.12598147848295912,False
而,訁,connection,communication,False,7,8.003502182519542,0.8746171164029551,0.12582199734022811,False
木,辶,structure,motion,False,11,9.898538219470105,1.1112751960045328,0.12256537551996584,False
口,牛,boundary,entity,False,19,20.584661455689776,0.9230173661538765,0.121991412613431,False
口,老,boundary,entity,False,47,49.43914323418942,0.9506637236281505,0.12033824471249623,False
月,氵,temporal,fluid,False,11,9.926403410821237,1.1081556475942118,0.11611553435756597,False
寸,火,action,transformation,False,14,12.832301289209218,1.0909968278077067,0.1062568785171098,False
人,寸,agent,action,False,12,13.159070145162927,0.9119185373756076,0.10209259367021746,False
八,忄,structure,internal,False,12,10.946604405644097,1.0962303519265544,0.10136862876275061,False
人,牛,agent,entity,False,16,17.31854634047305,0.9238650684329298,0.1003874353999263,False
一,囗,structure,boundary,False,22,23.530606029844687,0.9349525452976704,0.09956202639343492,False
八,扌,structure,action,False,8,8.94173180387778,0.8946812737696542,0.09918199403501347,False
人,彳,agent,other,False,20,18.67982945893818,1.0706735863924137,0.09330118678645198,False
亻,扌,agent,action,False,6,5.297127195208608,1.1326894331378636,0.0932637940357901,False
火,行,transformation,motion,False,9,9.956095827834737,0.9039688001835283,0.09181502948649249,False
大,而,magnitude,connection,False,45,43.048624505126384,1.0453295666773568,0.08845500560743345,False
八,火,structure,transformation,False,56,58.2615978073292,0.9611820153850175,0.08779066889018312,False
亻,言,agent,communication,False,5,5.700944066592224,0.8770477207977209,0.08618267058082808,False
人,宀,agent,constraint,False,19,17.772307379961426,1.0690789661573612,0.08480773695128668,False
大,子,magnitude,agent,False,8,8.85351740940006,0.9035956705191708,0.08228277355342721,False
口,車,boundary,other,False,9,8.179930971474977,1.100253783483597,0.08221502282735142,False
大,食,magnitude,other,False,6,6.736371941934829,0.8906871609403255,0.08049490757678192,False
口,馬,boundary,entity,False,7,6.29225459344229,1.112478825522304,0.0796063720984167,False
一,臼,structure,other,False,9,8.197137346462288,1.0979442724458204,0.07863579847467203,False
八,方,structure,direction,False,13,12.029235610597908,1.0807004219409284,0.07834109582997648,False
氵,而,fluid,connection,False,15,13.963556999289413,1.0742248555123406,0.07692983197451995,False
人,扌,agent,action,False,18,16.86478530098467,1.0673127276010475,0.07641439780352378,False
月,艸,temporal,other,False,8,7.263222007917978,1.1014395527603074,0.07473843000043764,False
一,行,structure,motion,False,14,13.01898284438128,1.0753528265107213,0.07392241553137861,False
月,見,temporal,perception,False,5,4.430565424829966,1.1285241319265447,0.07318608446268926,False
老,言,entity,communication,False,6,6.699827428687443,0.8955454545454545,0.07310015596017017,False
矢,老,perception,entity,False,10,10.887219571617095,0.9185081585081585,0.07230115669867983,False
火,食,transformation,other,False,7,7.743630088315907,0.9039688001835283,0.07141168960060534,False
亻,而,agent,connection,False,17,15.938889452847427,1.0665736813277797,0.07064203541968134,False
尸,火,constraint,transformation,False,6,5.383666632829154,1.1144820824180486,0.07055912733744621,False
一,車,structure,other,False,8,8.775758806212567,0.911602082128398,0.0685754632397505,False
一,厂,structure,constraint,False,5,5.5933407775860315,0.8939201451905626,0.06294150353884488,False
大,馬,magnitude,entity,False,5,4.490914627956553,1.113358951175407,0.05770938383358701,False
大,糸,magnitude,thread,False,7,6.415592325652218,1.0910917721518987,0.053234730715509146,False
一,乙,structure,connection,False,8,8.679321896254187,0.9217309941520468,0.05316984947056163,False
丶,土,structure,structure,True,19,20.022231245558828,0.9489451883248241,0.05218982373048643,False
月,辶,temporal,motion,False,16,16.92330727844889,0.9454416761891051,0.050374097474570514,False
忄,辶,internal,motion,False,9,9.685666429804082,0.9292081309248691,0.048539608127903006,False
火,牛,transformation,entity,False,16,16.888488478327073,0.9473908822884141,0.04674259494169689,False
老,艸,entity,other,False,9,8.374784285859304,1.0746545454545453,0.04667519495021262,False
丶,尸,structure,constraint,False,5,5.494822860623287,0.9099474408594204,0.044560064920389365,False
土,老,structure,entity,False,8,7.425642066795249,1.0773479152426522,0.0444253887364659,False
一,糸,structure,thread,False,9,9.643690995837986,0.9332526315789474,0.04296468004851227,False
丶,氵,structure,fluid,False,32,30.86133387473353,1.03689620577932,0.04201245967177286,False
而,足,connection,motion,False,5,4.5636991168409295,1.0956024645772628,0.041711439727243504,False
人,尸,agent,constraint,False,6,5.520759313775251,1.0868070239955872,0.041601457748773385,False
丶,八,structure,structure,True,61,59.46452136838899,1.0258217605435442,0.039648761545188295,False
方,辶,direction,motion,False,10,10.643589483301188,0.9395326657129232,0.03891614043041996,False
人,女,agent,other,False,12,11.34402598720942,1.0578255033557047,0.03793202747787675,False
丶,扌,structure,action,False,16,16.785554766013604,0.9532005479137247,0.03676353263319888,False
丶,辶,structure,motion,False,54,52.61481067911887,1.026326984797664,0.03646785819272408,False
八,宀,structure,constraint,False,10,9.422901228301695,1.0612442768650687,0.03534399695238203,False
而,行,connection,motion,False,5,4.597756572936758,1.0874868907655793,0.03519102676465409,False
一,方,structure,direction,False,28,28.931072987513957,0.9678175438596491,0.029964215584133362,False
扌,月,action,temporal,False,5,5.3989950258856965,0.9260982786661779,0.029486419216585884,False
火,言,transformation,communication,False,17,17.699725916150644,0.9604668501949989,0.027662369465625072,False
宀,矢,constraint,perception,False,5,4.65181199878185,1.074849972722313,0.02606186239341529,False
大,言,magnitude,communication,False,16,15.397421581565323,1.0391350210970465,0.023581919118065918,False
大,尸,magnitude,constraint,False,5,4.6833823977261195,1.067604473729842,0.021404766375330155,False
口,食,boundary,other,False,9,9.438381890163436,0.9535532790191175,0.020361401335493013,False
火,糸,transformation,thread,False,7,7.374885798396102,0.9491672401927047,0.01905647974503517,False
火,見,transformation,perception,False,13,13.496041011064866,0.9632454428185138,0.01823176770554585,False
宀,月,constraint,temporal,False,6,5.689523906202416,1.0545697845577413,0.01694261354886325,False
一,土,structure,structure,True,25,25.652218048929043,0.9745745943806885,0.01658290844625686,False
一,女,structure,other,False,14,14.465536493756979,0.9678175438596491,0.014982107792066681,False
八,言,structure,communication,False,10,9.623388488478327,1.0391350210970465,0.014738699448791253,False
丶,馬,structure,entity,False,5,5.269008222515481,0.9489451883248241,0.013734164139601693,False
心,火,internal,transformation,False,11,10.619835549690388,1.0357975835436262,0.013608968670275057,False
大,行,magnitude,motion,False,9,8.661049639630495,1.0391350210970465,0.01326482950391207,False
一,人,structure,agent,False,145,143.69099583798598,1.0091098551748499,0.011924838339223547,False
一,扌,structure,action,False,21,21.50543092071871,0.9764975218314845,0.011878879179884125,False
八,土,structure,structure,True,11,10.665922241396812,1.03132197582564,0.010463975478853083,False
示,而,perception,connection,False,6,5.755710080194904,1.0424430550533956,0.010368410515277296,False
一,矢,structure,perception,False,37,37.610394883768144,0.9837705802968961,0.009906354753300529,False
亻,辶,agent,motion,False,17,16.60399959394985,1.0238496998153652,0.009444490811058767,False
人,八,agent,structure,False,59,59.74520353263628,0.9875269730694078,0.00929494373134475,False
扌,老,action,entity,False,6,6.225256319155416,0.9638157358336731,0.00815073415745402,False
丶,戶,structure,boundary,False,13,13.323063648360572,0.9757515495769379,0.007833792860764882,False
一,而,structure,connection,False,64,64.70916658207288,0.9890407090752217,0.00777196288706742,False
丶,艸,structure,other,False,23,22.581463810780633,1.0185345021353112,0.007757359892791379,False
丶,女,structure,other,False,11,11.290731905390317,0.9742503933468194,0.007486232205330358,False
大,扌,magnitude,action,False,14,14.306770886204447,0.9785576431855594,0.006577890802277917,False
八,巾,structure,cloth,False,8,7.778905694853314,1.0284222889207881,0.006284006219620008,False
囗,矢,boundary,perception,False,5,4.829966500862857,1.0352038671710801,0.0059858367182579805,False
一,示,structure,perception,False,16,16.297837782966198,0.9817253192151977,0.005442890409360509,False
一,辶,structure,motion,False,68,67.40940006090752,1.0087613884496651,0.00517447548473777,False
人,亻,agent,agent,True,35,35.39336108009339,0.9888860207652154,0.004371806875930407,False
人,行,agent,motion,False,10,10.209623388488478,0.9794680586626896,0.004303975115373645,False
人,艸,agent,other,False,23,22.68805197441884,1.0137494407158836,0.004289110884165118,False
彳,氵,other,fluid,False,5,5.140087300781646,0.9727461242223759,0.0038179218935256456,False
月,而,temporal,connection,False,16,16.245406557709877,0.9848937878631662,0.0037071635205355702,False
丶,見,structure,perception,False,14,13.774692924576184,1.0163565951457134,0.0036852566161720652,False
八,牛,structure,entity,False,9,9.182316516089736,0.9801448233928474,0.0036199266253625056,False
火,門,transformation,boundary,False,7,7.153639224444219,0.9785229280337162,0.0032997206802325113,False
丶,牛,structure,entity,False,17,17.237184042229217,0.9862399773856251,0.0032636577848428783,False
大,艸,magnitude,other,False,19,19.246776976956653,0.9871782700421942,0.0031641077583418817,False
大,方,magnitude,direction,False,19,19.246776976956653,0.9871782700421942,0.0031641077583418817,False
老,見,entity,perception,False,5,5.108618414374175,0.9787382016890215,0.0023094228192820014,False
人,車,agent,other,False,7,6.8820424322403815,1.0171399070727931,0.002021781749932546,False
巾,辶,cloth,motion,False,7,6.882854532534768,1.0170198958748138,0.0019938036584646263,False
火,矢,transformation,perception,False,29,28.762054613744798,1.008272892512397,0.001968496604310063,False
矢,辶,perception,motion,False,14,13.836666328291544,1.011804409229302,0.0019280575017710628,False
人,大,agent,magnitude,False,96,95.59232565221805,1.004264718375669,0.0017386162822745515,False
大,彳,magnitude,other,False,16,15.846513044360979,1.0096858504586685,0.0014866516996758564,False
囗,月,boundary,temporal,False,6,5.9074205664399555,1.0156717187338902,0.0014508788432958798,False
丶,食,structure,other,False,8,7.903512333773221,1.0122082008798126,0.001177940811720823,False
人,心,agent,internal,False,11,10.890264947721043,1.0100764354958987,0.0011057381759279716,False
扌,辶,action,motion,False,8,7.911734849253883,1.0111562321574061,0.0009847065131321252,False
一,言,structure,communication,False,23,23.144858390011166,0.9937412280701755,0.0009066356252014588,False
八,月,structure,temporal,False,19,19.126484620850675,0.9933869384072394,0.0008364505882224975,False
方,矢,direction,perception,False,6,5.938483402700234,1.0103589743589743,0.0006372488540796263,False
大,火,magnitude,transformation,False,93,93.21855649172673,0.9976554400759667,0.0005124187916397908,False
口,月,boundary,temporal,False,43,42.87722058674246,1.0028635114771292,0.00035158025901816054,False
亻,老,agent,entity,False,13,13.064663485940514,0.9950505050505051,0.00032005159707931304,False
一,牛,structure,entity,False,22,22.08405238046899,0.9961939783957711,0.0003199051759518479,False
一,尸,structure,constraint,False,7,7.039894426961729,0.9943330930064889,0.00022607800715154303,False
口,矢,boundary,perception,False,35,35.056847020607044,0.9983784331610419,9.218124350995245e-05,False
八,艸,structure,other,False,12,12.029235610597908,0.9975696202531646,7.105363588352185e-05,False
宀,而,constraint,connection,False,8,8.003502182519542,0.9995624187462345,1.5324894178167276e-06,False
丶,木,structure,structure,True,21,21.00076134402599,0.9999637468369115,2.760112914067058e-08,False
